Tipo,Dano,Tamano,Clase,Filename
Pastusa,Defectuosa,Mediana,Clase 4,0_1_2_1841.JPG
R12,Defectuosa,Muy Grande,Clase 12,1_1_0_1172.JPG
R12,Defectuosa,Muy Grande,Clase 12,1_1_0_0806.JPG
R12,Buena,Muy Grande,Clase 9,1_0_0_1237.JPG
Pastusa,Buena,Grande,Clase 2,0_0_1_2014.JPG
Pastusa,Defectuosa,Grande,Clase 5,0_1_1_1814.JPG
Pastusa,Buena,Mediana,Clase 1,0_0_2_1480.JPG
R12,Defectuosa,Mediana,Clase 10,1_1_2_1404.JPG
Pastusa,Defectuosa,Mediana,Clase 4,0_1_2_1854.JPG
R12,Defectuosa,Muy Grande,Clase 12,1_1_0_1141.JPG
Pastusa,Buena,Mediana,Clase 1,0_0_2_2017.JPG
Pastusa,Buena,Mediana,Clase 1,0_0_2_2038.JPG
R12,Defectuosa,Muy Grande,Clase 12,1_1_0_1173.JPG
R12,Defectuosa,Muy Grande,Clase 12,1_1_0_1451.JPG
R12,Defectuosa,Mediana,Clase 10,1_1_2_0855.JPG
Pastusa,Defectuosa,Grande,Clase 5,0_1_1_1895.JPG
R12,Buena,Mediana,Clase 7,1_0_2_1402.JPG
Pastusa,Buena,Mediana,Clase 1,0_0_2_1527.JPG
Pastusa,Defectuosa,Grande,Clase 5,0_1_1_1796.JPG
Pastusa,Buena,Mediana,Clase 1,0_0_2_2039.JPG
R12,Buena,Mediana,Clase 7,1_0_2_1406.JPG
R12,Defectuosa,Mediana,Clase 10,1_1_2_1836.JPG
Pastusa,Buena,Grande,Clase 2,0_0_1_1242.JPG
Pastusa,Buena,Mediana,Clase 1,0_0_2_1983.JPG
R12,Defectuosa,Grande,Clase 11,1_1_1_1163.JPG
R12,Defectuosa,Muy Grande,Clase 12,1_1_0_1161.JPG
Pastusa,Buena,Mediana,Clase 1,0_0_2_1518.JPG
Pastusa,Defectuosa,Muy Grande,Clase 6,0_1_0_1886.JPG
Pastusa,Buena,Mediana,Clase 1,0_0_2_1528.JPG
R12,Defectuosa,Mediana,Clase 10,1_1_2_1852.JPG
Pastusa,Defectuosa,Grande,Clase 5,0_1_1_1855.JPG
Pastusa,Buena,Mediana,Clase 1,0_0_2_2006.JPG
Pastusa,Defectuosa,Mediana,Clase 4,0_1_2_1880.JPG
Pastusa,Defectuosa,Grande,Clase 5,0_1_1_1799.JPG
R12,Defectuosa,Grande,Clase 11,1_1_1_1146.JPG
Pastusa,Buena,Grande,Clase 2,0_0_1_1971.JPG
Pastusa,Buena,Mediana,Clase 1,0_0_2_1472.JPG
R12,Defectuosa,Mediana,Clase 10,1_1_2_1378.JPG
R12,Defectuosa,Grande,Clase 11,1_1_1_1896.JPG
Pastusa,Buena,Mediana,Clase 1,0_0_2_1524.JPG
R12,Defectuosa,Mediana,Clase 10,1_1_2_0819.JPG
R12,Defectuosa,Muy Grande,Clase 12,1_1_0_1198.JPG
R12,Buena,Mediana,Clase 7,1_0_2_1409.JPG
R12,Buena,Grande,Clase 8,1_0_1_1231.JPG
R12,Defectuosa,Grande,Clase 11,1_1_1_1842.JPG
R12,Buena,Grande,Clase 8,1_0_1_1238.JPG
Pastusa,Defectuosa,Mediana,Clase 4,0_1_2_1911.JPG
R12,Defectuosa,Grande,Clase 11,1_1_1_0834.JPG
R12,Defectuosa,Muy Grande,Clase 12,1_1_0_1209.JPG
R12,Defectuosa,Grande,Clase 11,1_1_1_0785.JPG
R12,Defectuosa,Mediana,Clase 10,1_1_2_1188.JPG
R12,Defectuosa,Grande,Clase 11,1_1_1_0775.JPG
Pastusa,Defectuosa,Grande,Clase 5,0_1_1_1794.JPG
R12,Defectuosa,Mediana,Clase 10,1_1_2_0823.JPG
Pastusa,Defectuosa,Mediana,Clase 4,0_1_2_1867.JPG
Pastusa,Buena,Grande,Clase 2,0_0_1_2021.JPG
R12,Defectuosa,Mediana,Clase 10,1_1_2_1891.JPG
Pastusa,Defectuosa,Mediana,Clase 4,0_1_2_1830.JPG
R12,Defectuosa,Grande,Clase 11,1_1_1_1187.JPG
R12,Buena,Grande,Clase 8,1_0_1_1355.JPG
Pastusa,Defectuosa,Mediana,Clase 4,0_1_2_1507.JPG
Pastusa,Defectuosa,Muy Grande,Clase 6,0_1_0_1887.JPG
Pastusa,Defectuosa,Mediana,Clase 4,0_1_2_1909.JPG
R12,Defectuosa,Mediana,Clase 10,1_1_2_0860.JPG
R12,Defectuosa,Mediana,Clase 10,1_1_2_1865.JPG
R12,Buena,Muy Grande,Clase 9,1_0_0_1244.JPG
R12,Buena,Grande,Clase 8,1_0_1_1991.JPG
Pastusa,Defectuosa,Mediana,Clase 4,0_1_2_1248.JPG
R12,Buena,Grande,Clase 8,1_0_1_0811.JPG
Pastusa,Buena,Mediana,Clase 1,0_0_2_1486.JPG
R12,Buena,Grande,Clase 8,1_0_1_1388.JPG
Pastusa,Buena,Mediana,Clase 1,0_0_2_2011.JPG
R12,Defectuosa,Muy Grande,Clase 12,1_1_0_1948.JPG
R12,Defectuosa,Grande,Clase 11,1_1_1_0849.JPG
Pastusa,Buena,Mediana,Clase 1,0_0_2_1458.JPG
Pastusa,Defectuosa,Grande,Clase 5,0_1_1_1860.JPG
Pastusa,Buena,Grande,Clase 2,0_0_1_1999.JPG
R12,Defectuosa,Mediana,Clase 10,1_1_2_0858.JPG
R12,Defectuosa,Muy Grande,Clase 12,1_1_0_1176.JPG
Pastusa,Defectuosa,Mediana,Clase 4,0_1_2_1879.JPG
R12,Buena,Grande,Clase 8,1_0_1_2049.JPG
Pastusa,Defectuosa,Mediana,Clase 4,0_1_2_1905.JPG
R12,Defectuosa,Grande,Clase 11,1_1_1_1154.JPG
Pastusa,Defectuosa,Mediana,Clase 4,0_1_2_1937.JPG
Pastusa,Defectuosa,Grande,Clase 5,0_1_1_1858.JPG
Pastusa,Defectuosa,Grande,Clase 5,0_1_1_1829.JPG
R12,Buena,Grande,Clase 8,1_0_1_2029.JPG
R12,Defectuosa,Grande,Clase 11,1_1_1_1351.JPG
Pastusa,Defectuosa,Mediana,Clase 4,0_1_2_1822.JPG
R12,Defectuosa,Muy Grande,Clase 12,1_1_0_1463.JPG
Pastusa,Buena,Mediana,Clase 1,0_0_2_1467.JPG
Pastusa,Buena,Mediana,Clase 1,0_0_2_1970.JPG
R12,Defectuosa,Grande,Clase 11,1_1_1_1227.JPG
R12,Defectuosa,Grande,Clase 11,1_1_1_1191.JPG
R12,Defectuosa,Grande,Clase 11,1_1_1_1168.JPG
R12,Defectuosa,Mediana,Clase 10,1_1_2_0850.JPG
Pastusa,Buena,Grande,Clase 2,0_0_1_1962.JPG
R12,Defectuosa,Muy Grande,Clase 12,1_1_0_0829.JPG
R12,Buena,Muy Grande,Clase 9,1_0_0_1220.JPG
R12,Defectuosa,Grande,Clase 11,1_1_1_1350.JPG
R12,Defectuosa,Grande,Clase 11,1_1_1_0852.JPG
R12,Defectuosa,Grande,Clase 11,1_1_1_0770.JPG
R12,Defectuosa,Mediana,Clase 10,1_1_2_1386.JPG
R12,Defectuosa,Muy Grande,Clase 12,1_1_0_1228.JPG
R12,Defectuosa,Grande,Clase 11,1_1_1_1537.JPG
R12,Defectuosa,Muy Grande,Clase 12,1_1_0_1184.JPG
R12,Defectuosa,Mediana,Clase 10,1_1_2_1801.JPG
R12,Buena,Grande,Clase 8,1_0_1_0815.JPG
R12,Defectuosa,Grande,Clase 11,1_1_1_0871.JPG
R12,Buena,Muy Grande,Clase 9,1_0_0_1450.JPG
Pastusa,Defectuosa,Mediana,Clase 4,0_1_2_1844.JPG
Pastusa,Defectuosa,Grande,Clase 5,0_1_1_1906.JPG
R12,Buena,Muy Grande,Clase 9,1_0_0_1494.JPG
Pastusa,Buena,Mediana,Clase 1,0_0_2_1972.JPG
R12,Defectuosa,Grande,Clase 11,1_1_1_1788.JPG
R12,Defectuosa,Grande,Clase 11,1_1_1_1190.JPG
R12,Defectuosa,Muy Grande,Clase 12,1_1_0_1162.JPG
Pastusa,Defectuosa,Grande,Clase 5,0_1_1_1878.JPG
R12,Defectuosa,Mediana,Clase 10,1_1_2_1792.JPG
Pastusa,Buena,Mediana,Clase 1,0_0_2_2044.JPG
Pastusa,Buena,Mediana,Clase 1,0_0_2_1421.JPG
R12,Defectuosa,Mediana,Clase 10,1_1_2_1381.JPG
R12,Buena,Grande,Clase 8,1_0_1_1365.JPG
R12,Defectuosa,Grande,Clase 11,1_1_1_0866.JPG
R12,Defectuosa,Grande,Clase 11,1_1_1_0840.JPG
Pastusa,Buena,Mediana,Clase 1,0_0_2_1522.JPG
R12,Buena,Grande,Clase 8,1_0_1_0822.JPG
Pastusa,Buena,Mediana,Clase 1,0_0_2_2037.JPG
Pastusa,Buena,Mediana,Clase 1,0_0_2_1533.JPG
R12,Defectuosa,Grande,Clase 11,1_1_1_0841.JPG
Pastusa,Defectuosa,Mediana,Clase 4,0_1_2_1797.JPG
R12,Buena,Grande,Clase 8,1_0_1_2027.JPG
R12,Defectuosa,Grande,Clase 11,1_1_1_1538.JPG
R12,Defectuosa,Muy Grande,Clase 12,1_1_0_1203.JPG
R12,Buena,Grande,Clase 8,1_0_1_1361.JPG
Pastusa,Buena,Mediana,Clase 1,0_0_2_2022.JPG
R12,Defectuosa,Mediana,Clase 10,1_1_2_0861.JPG
Pastusa,Buena,Mediana,Clase 1,0_0_2_1461.JPG
R12,Buena,Grande,Clase 8,1_0_1_2043.JPG
R12,Defectuosa,Muy Grande,Clase 12,1_1_0_1807.JPG
R12,Buena,Grande,Clase 8,1_0_1_0814.JPG
R12,Defectuosa,Mediana,Clase 10,1_1_2_1835.JPG
R12,Defectuosa,Mediana,Clase 10,1_1_2_1922.JPG
R12,Defectuosa,Muy Grande,Clase 12,1_1_0_0808.JPG
R12,Buena,Grande,Clase 8,1_0_1_1966.JPG
Pastusa,Buena,Mediana,Clase 1,0_0_2_1540.JPG
R12,Defectuosa,Grande,Clase 11,1_1_1_1800.JPG
Pastusa,Buena,Mediana,Clase 1,0_0_2_2023.JPG
R12,Defectuosa,Grande,Clase 11,1_1_1_0771.JPG
Pastusa,Buena,Grande,Clase 2,0_0_1_2009.JPG
R12,Buena,Muy Grande,Clase 9,1_0_0_0777.JPG
Pastusa,Defectuosa,Mediana,Clase 4,0_1_2_1902.JPG
Pastusa,Defectuosa,Mediana,Clase 4,0_1_2_1899.JPG
R12,Defectuosa,Muy Grande,Clase 12,1_1_0_1464.JPG
Pastusa,Buena,Mediana,Clase 1,0_0_2_2035.JPG
R12,Defectuosa,Grande,Clase 11,1_1_1_1863.JPG
R12,Defectuosa,Grande,Clase 11,1_1_1_1245.JPG
Pastusa,Buena,Mediana,Clase 1,0_0_2_1531.JPG
Pastusa,Buena,Grande,Clase 2,0_0_1_1953.JPG
R12,Defectuosa,Mediana,Clase 10,1_1_2_0818.JPG
Pastusa,Defectuosa,Grande,Clase 5,0_1_1_1838.JPG
R12,Defectuosa,Muy Grande,Clase 12,1_1_0_1137.JPG
R12,Buena,Grande,Clase 8,1_0_1_1968.JPG
R12,Defectuosa,Grande,Clase 11,1_1_1_0839.JPG
Pastusa,Buena,Mediana,Clase 1,0_0_2_1488.JPG
R12,Defectuosa,Muy Grande,Clase 12,1_1_0_1165.JPG
R12,Defectuosa,Grande,Clase 11,1_1_1_0784.JPG
R12,Buena,Grande,Clase 8,1_0_1_1246.JPG
Pastusa,Buena,Mediana,Clase 1,0_0_2_1979.JPG
Pastusa,Buena,Mediana,Clase 1,0_0_2_1526.JPG
Pastusa,Defectuosa,Muy Grande,Clase 6,0_1_0_1806.JPG
R12,Defectuosa,Mediana,Clase 10,1_1_2_1851.JPG
R12,Defectuosa,Grande,Clase 11,1_1_1_0800.JPG
Pastusa,Buena,Mediana,Clase 1,0_0_2_1982.JPG
R12,Defectuosa,Grande,Clase 11,1_1_1_0872.JPG
Pastusa,Defectuosa,Grande,Clase 5,0_1_1_1884.JPG
R12,Defectuosa,Muy Grande,Clase 12,1_1_0_1139.JPG
R12,Defectuosa,Muy Grande,Clase 12,1_1_0_0828.JPG
Pastusa,Defectuosa,Mediana,Clase 4,0_1_2_1853.JPG
R12,Defectuosa,Grande,Clase 11,1_1_1_1897.JPG
R12,Defectuosa,Mediana,Clase 10,1_1_2_1374.JPG
Pastusa,Defectuosa,Mediana,Clase 4,0_1_2_1513.JPG
Pastusa,Buena,Grande,Clase 2,0_0_1_1961.JPG
R12,Buena,Grande,Clase 8,1_0_1_2048.JPG
Pastusa,Defectuosa,Mediana,Clase 4,0_1_2_1781.JPG
Pastusa,Defectuosa,Mediana,Clase 4,0_1_2_1845.JPG
R12,Buena,Grande,Clase 8,1_0_1_2028.JPG
R12,Defectuosa,Mediana,Clase 10,1_1_2_1840.JPG
R12,Defectuosa,Mediana,Clase 10,1_1_2_1400.JPG
R12,Defectuosa,Mediana,Clase 10,1_1_2_0835.JPG
Pastusa,Buena,Grande,Clase 2,0_0_1_1955.JPG
Pastusa,Buena,Mediana,Clase 1,0_0_2_2025.JPG
Pastusa,Buena,Mediana,Clase 1,0_0_2_1525.JPG
R12,Buena,Muy Grande,Clase 9,1_0_0_1497.JPG
Pastusa,Defectuosa,Mediana,Clase 4,0_1_2_1812.JPG
Pastusa,Defectuosa,Muy Grande,Clase 6,0_1_0_1946.JPG
R12,Buena,Muy Grande,Clase 9,1_0_0_1425.JPG
Pastusa,Defectuosa,Grande,Clase 5,0_1_1_1873.JPG
R12,Buena,Mediana,Clase 7,1_0_2_1396.JPG
Pastusa,Buena,Mediana,Clase 1,0_0_2_2051.JPG
R12,Defectuosa,Mediana,Clase 10,1_1_2_1403.JPG
R12,Defectuosa,Mediana,Clase 10,1_1_2_1874.JPG
R12,Defectuosa,Muy Grande,Clase 12,1_1_0_1174.JPG
Pastusa,Defectuosa,Mediana,Clase 4,0_1_2_1818.JPG
R12,Buena,Grande,Clase 8,1_0_1_1387.JPG
Pastusa,Buena,Mediana,Clase 1,0_0_2_1989.JPG
R12,Defectuosa,Muy Grande,Clase 12,1_1_0_1194.JPG
Pastusa,Defectuosa,Mediana,Clase 4,0_1_2_1780.JPG
R12,Defectuosa,Muy Grande,Clase 12,1_1_0_1214.JPG
R12,Buena,Grande,Clase 8,1_0_1_1383.JPG
Pastusa,Buena,Mediana,Clase 1,0_0_2_1471.JPG
R12,Defectuosa,Grande,Clase 11,1_1_1_1157.JPG
Pastusa,Defectuosa,Grande,Clase 5,0_1_1_1815.JPG
R12,Defectuosa,Muy Grande,Clase 12,1_1_0_1170.JPG
R12,Defectuosa,Grande,Clase 11,1_1_1_1221.JPG
R12,Defectuosa,Muy Grande,Clase 12,1_1_0_1496.JPG
R12,Defectuosa,Grande,Clase 11,1_1_1_1883.JPG
R12,Buena,Mediana,Clase 7,1_0_2_1380.JPG
R12,Buena,Muy Grande,Clase 9,1_0_0_0807.JPG
R12,Buena,Grande,Clase 8,1_0_1_2012.JPG
R12,Buena,Grande,Clase 8,1_0_1_0842.JPG
R12,Buena,Grande,Clase 8,1_0_1_1354.JPG
R12,Defectuosa,Muy Grande,Clase 12,1_1_0_1500.JPG
R12,Buena,Muy Grande,Clase 9,1_0_0_1222.JPG
Pastusa,Buena,Mediana,Clase 1,0_0_2_1987.JPG
Pastusa,Buena,Mediana,Clase 1,0_0_2_1980.JPG
Pastusa,Buena,Mediana,Clase 1,0_0_2_2045.JPG
R12,Defectuosa,Grande,Clase 11,1_1_1_1179.JPG
Pastusa,Buena,Grande,Clase 2,0_0_1_1240.JPG
R12,Buena,Grande,Clase 8,1_0_1_1353.JPG
R12,Defectuosa,Grande,Clase 11,1_1_1_1898.JPG
R12,Buena,Grande,Clase 8,1_0_1_2054.JPG
R12,Defectuosa,Grande,Clase 11,1_1_1_1925.JPG
Pastusa,Buena,Mediana,Clase 1,0_0_2_2034.JPG
R12,Defectuosa,Mediana,Clase 10,1_1_2_1392.JPG
Pastusa,Buena,Mediana,Clase 1,0_0_2_1988.JPG
R12,Defectuosa,Mediana,Clase 10,1_1_2_0838.JPG
Pastusa,Buena,Mediana,Clase 1,0_0_2_2001.JPG
Pastusa,Defectuosa,Mediana,Clase 4,0_1_2_1826.JPG
R12,Defectuosa,Muy Grande,Clase 12,1_1_0_1171.JPG
R12,Defectuosa,Muy Grande,Clase 12,1_1_0_1448.JPG
R12,Buena,Muy Grande,Clase 9,1_0_0_1427.JPG
R12,Defectuosa,Grande,Clase 11,1_1_1_1793.JPG
Pastusa,Buena,Mediana,Clase 1,0_0_2_1975.JPG
Pastusa,Buena,Mediana,Clase 1,0_0_2_1367.JPG
R12,Buena,Muy Grande,Clase 9,1_0_0_1481.JPG
R12,Defectuosa,Muy Grande,Clase 12,1_1_0_1944.JPG
R12,Defectuosa,Grande,Clase 11,1_1_1_0797.JPG
R12,Defectuosa,Mediana,Clase 10,1_1_2_1804.JPG
R12,Defectuosa,Grande,Clase 11,1_1_1_0810.JPG
R12,Defectuosa,Muy Grande,Clase 12,1_1_0_1230.JPG
R12,Defectuosa,Mediana,Clase 10,1_1_2_0873.JPG
R12,Defectuosa,Muy Grande,Clase 12,1_1_0_1502.JPG
R12,Defectuosa,Grande,Clase 11,1_1_1_1186.JPG
R12,Buena,Mediana,Clase 7,1_0_2_1399.JPG
Pastusa,Buena,Mediana,Clase 1,0_0_2_1476.JPG
R12,Defectuosa,Grande,Clase 11,1_1_1_0782.JPG
R12,Buena,Mediana,Clase 7,1_0_2_1393.JPG
R12,Defectuosa,Mediana,Clase 10,1_1_2_1789.JPG
R12,Defectuosa,Muy Grande,Clase 12,1_1_0_1229.JPG
R12,Defectuosa,Muy Grande,Clase 12,1_1_0_1517.JPG
R12,Buena,Mediana,Clase 7,1_0_2_1391.JPG
Pastusa,Buena,Mediana,Clase 1,0_0_2_1986.JPG
R12,Defectuosa,Mediana,Clase 10,1_1_2_1915.JPG
R12,Defectuosa,Grande,Clase 11,1_1_1_1862.JPG
R12,Defectuosa,Mediana,Clase 10,1_1_2_1166.JPG
R12,Defectuosa,Grande,Clase 11,1_1_1_0801.JPG
Pastusa,Defectuosa,Grande,Clase 5,0_1_1_1932.JPG
R12,Buena,Grande,Clase 8,1_0_1_1234.JPG
Pastusa,Buena,Mediana,Clase 1,0_0_2_1997.JPG
Pastusa,Defectuosa,Mediana,Clase 4,0_1_2_1916.JPG
R12,Defectuosa,Grande,Clase 11,1_1_1_0821.JPG
R12,Buena,Mediana,Clase 7,1_0_2_1992.JPG
Pastusa,Defectuosa,Grande,Clase 5,0_1_1_1877.JPG
R12,Defectuosa,Grande,Clase 11,1_1_1_0783.JPG
R12,Defectuosa,Grande,Clase 11,1_1_1_0845.JPG
R12,Defectuosa,Muy Grande,Clase 12,1_1_0_1501.JPG
Pastusa,Buena,Mediana,Clase 1,0_0_2_1958.JPG
R12,Defectuosa,Grande,Clase 11,1_1_1_1882.JPG
Pastusa,Defectuosa,Mediana,Clase 4,0_1_2_1477.JPG
Pastusa,Defectuosa,Mediana,Clase 4,0_1_2_1893.JPG
R12,Buena,Grande,Clase 8,1_0_1_0875.JPG
Pastusa,Defectuosa,Grande,Clase 5,0_1_1_1817.JPG
Pastusa,Defectuosa,Mediana,Clase 4,0_1_2_1514.JPG
R12,Buena,Mediana,Clase 7,1_0_2_1394.JPG
Pastusa,Defectuosa,Grande,Clase 5,0_1_1_1832.JPG
R12,Defectuosa,Grande,Clase 11,1_1_1_1200.JPG
R12,Defectuosa,Mediana,Clase 10,1_1_2_1864.JPG
Pastusa,Buena,Mediana,Clase 1,0_0_2_1455.JPG
Pastusa,Defectuosa,Mediana,Clase 4,0_1_2_1506.JPG
R12,Buena,Muy Grande,Clase 9,1_0_0_1208.JPG
R12,Defectuosa,Muy Grande,Clase 12,1_1_0_1183.JPG
R12,Buena,Grande,Clase 8,1_0_1_1359.JPG
Pastusa,Buena,Mediana,Clase 1,0_0_2_1957.JPG
R12,Defectuosa,Grande,Clase 11,1_1_1_1926.JPG
Pastusa,Defectuosa,Mediana,Clase 4,0_1_2_1795.JPG
R12,Buena,Mediana,Clase 7,1_0_2_1371.JPG
Pastusa,Buena,Mediana,Clase 1,0_0_2_2030.JPG
R12,Defectuosa,Grande,Clase 11,1_1_1_1251.JPG
Pastusa,Buena,Mediana,Clase 1,0_0_2_2000.JPG
R12,Defectuosa,Mediana,Clase 10,1_1_2_1924.JPG
Pastusa,Buena,Grande,Clase 2,0_0_1_1954.JPG
R12,Defectuosa,Grande,Clase 11,1_1_1_1197.JPG
Pastusa,Buena,Mediana,Clase 1,0_0_2_1998.JPG
R12,Defectuosa,Mediana,Clase 10,1_1_2_0854.JPG
R12,Buena,Grande,Clase 8,1_0_1_1357.JPG
R12,Defectuosa,Grande,Clase 11,1_1_1_0799.JPG
R12,Defectuosa,Muy Grande,Clase 12,1_1_0_1903.JPG
Pastusa,Buena,Mediana,Clase 1,0_0_2_1457.JPG
Pastusa,Buena,Mediana,Clase 1,0_0_2_2040.JPG
R12,Defectuosa,Grande,Clase 11,1_1_1_0847.JPG
R12,Defectuosa,Muy Grande,Clase 12,1_1_0_0809.JPG
Pastusa,Buena,Mediana,Clase 1,0_0_2_1967.JPG
Pastusa,Defectuosa,Mediana,Clase 4,0_1_2_1505.JPG
Pastusa,Buena,Grande,Clase 2,0_0_1_1960.JPG
R12,Buena,Grande,Clase 8,1_0_1_0832.JPG
Pastusa,Buena,Mediana,Clase 1,0_0_2_1520.JPG
R12,Buena,Grande,Clase 8,1_0_1_0844.JPG
Pastusa,Defectuosa,Mediana,Clase 4,0_1_2_1469.JPG
R12,Defectuosa,Muy Grande,Clase 12,1_1_0_1193.JPG
R12,Defectuosa,Mediana,Clase 10,1_1_2_0864.JPG
Pastusa,Defectuosa,Mediana,Clase 4,0_1_2_1825.JPG
Pastusa,Buena,Mediana,Clase 1,0_0_2_1479.JPG
R12,Buena,Grande,Clase 8,1_0_1_1249.JPG
Pastusa,Defectuosa,Grande,Clase 5,0_1_1_1813.JPG
Pastusa,Defectuosa,Mediana,Clase 4,0_1_2_1881.JPG
R12,Buena,Grande,Clase 8,1_0_1_2053.JPG
R12,Defectuosa,Muy Grande,Clase 12,1_1_0_1199.JPG
Pastusa,Defectuosa,Muy Grande,Clase 6,0_1_0_1820.JPG
R12,Buena,Mediana,Clase 7,1_0_2_1407.JPG
Pastusa,Defectuosa,Mediana,Clase 4,0_1_2_1837.JPG
R12,Defectuosa,Muy Grande,Clase 12,1_1_0_1211.JPG
R12,Defectuosa,Muy Grande,Clase 12,1_1_0_1178.JPG
Pastusa,Buena,Mediana,Clase 1,0_0_2_2013.JPG
R12,Buena,Mediana,Clase 7,1_0_2_1376.JPG
Pastusa,Buena,Muy Grande,Clase 3,0_0_0_1964.JPG
Pastusa,Buena,Mediana,Clase 1,0_0_2_1519.JPG
Pastusa,Defectuosa,Grande,Clase 5,0_1_1_1831.JPG
R12,Defectuosa,Muy Grande,Clase 12,1_1_0_1495.JPG
Pastusa,Buena,Mediana,Clase 1,0_0_2_1978.JPG
R12,Defectuosa,Mediana,Clase 10,1_1_2_1389.JPG
R12,Defectuosa,Grande,Clase 11,1_1_1_1218.JPG
Pastusa,Buena,Mediana,Clase 1,0_0_2_1454.JPG
Pastusa,Defectuosa,Grande,Clase 5,0_1_1_1917.JPG
R12,Buena,Grande,Clase 8,1_0_1_1360.JPG
Pastusa,Buena,Mediana,Clase 1,0_0_2_1466.JPG
Pastusa,Buena,Mediana,Clase 1,0_0_2_2018.JPG
Pastusa,Defectuosa,Grande,Clase 5,0_1_1_1947.JPG
R12,Defectuosa,Muy Grande,Clase 12,1_1_0_0805.JPG
R12,Defectuosa,Grande,Clase 11,1_1_1_1250.JPG
R12,Defectuosa,Muy Grande,Clase 12,1_1_0_1181.JPG
Pastusa,Defectuosa,Grande,Clase 5,0_1_1_1894.JPG
Pastusa,Buena,Mediana,Clase 1,0_0_2_1976.JPG
Pastusa,Defectuosa,Mediana,Clase 4,0_1_2_1849.JPG
R12,Defectuosa,Grande,Clase 11,1_1_1_1791.JPG
Pastusa,Buena,Mediana,Clase 1,0_0_2_1462.JPG
R12,Defectuosa,Grande,Clase 11,1_1_1_1207.JPG
R12,Defectuosa,Grande,Clase 11,1_1_1_0831.JPG
R12,Defectuosa,Mediana,Clase 10,1_1_2_0863.JPG
R12,Defectuosa,Grande,Clase 11,1_1_1_1236.JPG
R12,Buena,Muy Grande,Clase 9,1_0_0_1482.JPG
Pastusa,Buena,Grande,Clase 2,0_0_1_2004.JPG
R12,Defectuosa,Grande,Clase 11,1_1_1_0772.JPG
R12,Buena,Grande,Clase 8,1_0_1_2050.JPG
R12,Defectuosa,Grande,Clase 11,1_1_1_0833.JPG
Pastusa,Buena,Grande,Clase 2,0_0_1_1239.JPG
R12,Defectuosa,Muy Grande,Clase 12,1_1_0_1446.JPG
R12,Defectuosa,Mediana,Clase 10,1_1_2_0856.JPG
R12,Defectuosa,Muy Grande,Clase 12,1_1_0_1160.JPG
Pastusa,Defectuosa,Mediana,Clase 4,0_1_2_1512.JPG
Pastusa,Defectuosa,Mediana,Clase 4,0_1_2_1921.JPG
R12,Defectuosa,Grande,Clase 11,1_1_1_1223.JPG
Pastusa,Buena,Mediana,Clase 1,0_0_2_2005.JPG
Pastusa,Buena,Mediana,Clase 1,0_0_2_1368.JPG
R12,Defectuosa,Muy Grande,Clase 12,1_1_0_1945.JPG
Pastusa,Defectuosa,Grande,Clase 5,0_1_1_1861.JPG
Pastusa,Buena,Mediana,Clase 1,0_0_2_2024.JPG
Pastusa,Buena,Mediana,Clase 1,0_0_2_1363.JPG
Pastusa,Defectuosa,Mediana,Clase 4,0_1_2_1913.JPG
Pastusa,Defectuosa,Mediana,Clase 4,0_1_2_1786.JPG
R12,Defectuosa,Grande,Clase 11,1_1_1_1927.JPG
Pastusa,Buena,Mediana,Clase 1,0_0_2_1969.JPG
R12,Buena,Muy Grande,Clase 9,1_0_0_1428.JPG
R12,Defectuosa,Mediana,Clase 10,1_1_2_1923.JPG
R12,Buena,Muy Grande,Clase 9,1_0_0_1225.JPG
R12,Defectuosa,Muy Grande,Clase 12,1_1_0_1516.JPG
R12,Defectuosa,Muy Grande,Clase 12,1_1_0_1185.JPG
Pastusa,Buena,Grande,Clase 2,0_0_1_2010.JPG
R12,Defectuosa,Muy Grande,Clase 12,1_1_0_1182.JPG
R12,Defectuosa,Grande,Clase 11,1_1_1_0846.JPG
R12,Buena,Muy Grande,Clase 9,1_0_0_0786.JPG
R12,Defectuosa,Grande,Clase 11,1_1_1_1204.JPG
Pastusa,Buena,Mediana,Clase 1,0_0_2_1530.JPG
Pastusa,Buena,Grande,Clase 2,0_0_1_1241.JPG
Pastusa,Buena,Mediana,Clase 1,0_0_2_1523.JPG
Pastusa,Defectuosa,Grande,Clase 5,0_1_1_1816.JPG
R12,Defectuosa,Grande,Clase 11,1_1_1_1206.JPG
R12,Defectuosa,Grande,Clase 11,1_1_1_0774.JPG
R12,Defectuosa,Mediana,Clase 10,1_1_2_0813.JPG
R12,Defectuosa,Mediana,Clase 10,1_1_2_1808.JPG
R12,Defectuosa,Mediana,Clase 10,1_1_2_1401.JPG
Pastusa,Defectuosa,Grande,Clase 5,0_1_1_1875.JPG
R12,Buena,Mediana,Clase 7,1_0_2_1993.JPG
R12,Defectuosa,Muy Grande,Clase 12,1_1_0_1447.JPG
R12,Defectuosa,Muy Grande,Clase 12,1_1_0_1243.JPG
R12,Defectuosa,Mediana,Clase 10,1_1_2_1890.JPG
Pastusa,Defectuosa,Grande,Clase 5,0_1_1_1798.JPG
Pastusa,Defectuosa,Mediana,Clase 4,0_1_2_1868.JPG
R12,Defectuosa,Mediana,Clase 10,1_1_2_0812.JPG
R12,Buena,Grande,Clase 8,1_0_1_1364.JPG
Pastusa,Buena,Mediana,Clase 1,0_0_2_2042.JPG
Pastusa,Defectuosa,Mediana,Clase 4,0_1_2_1901.JPG
Pastusa,Buena,Mediana,Clase 1,0_0_2_1460.JPG
R12,Defectuosa,Muy Grande,Clase 12,1_1_0_1504.JPG
Pastusa,Buena,Mediana,Clase 1,0_0_2_2036.JPG
Pastusa,Buena,Mediana,Clase 1,0_0_2_1965.JPG
R12,Buena,Muy Grande,Clase 9,1_0_0_1449.JPG
R12,Defectuosa,Mediana,Clase 10,1_1_2_1785.JPG
Pastusa,Buena,Mediana,Clase 1,0_0_2_2031.JPG
R12,Buena,Grande,Clase 8,1_0_1_1233.JPG
R12,Buena,Mediana,Clase 7,1_0_2_1995.JPG
R12,Defectuosa,Grande,Clase 11,1_1_1_0795.JPG
Pastusa,Defectuosa,Mediana,Clase 4,0_1_2_1508.JPG
Pastusa,Buena,Mediana,Clase 1,0_0_2_1456.JPG
Pastusa,Defectuosa,Mediana,Clase 4,0_1_2_1846.JPG
Pastusa,Buena,Mediana,Clase 1,0_0_2_1562.JPG
Pastusa,Buena,Mediana,Clase 1,0_0_2_2002.JPG
R12,Defectuosa,Muy Grande,Clase 12,1_1_0_0874.JPG
R12,Buena,Grande,Clase 8,1_0_1_1990.JPG
Pastusa,Buena,Mediana,Clase 1,0_0_2_1532.JPG
R12,Buena,Mediana,Clase 7,1_0_2_1408.JPG
R12,Defectuosa,Muy Grande,Clase 12,1_1_0_1212.JPG
Pastusa,Defectuosa,Grande,Clase 5,0_1_1_1907.JPG
R12,Defectuosa,Mediana,Clase 10,1_1_2_1158.JPG
Pastusa,Defectuosa,Mediana,Clase 4,0_1_2_1892.JPG
Pastusa,Buena,Mediana,Clase 1,0_0_2_2046.JPG
R12,Buena,Muy Grande,Clase 9,1_0_0_1224.JPG
R12,Buena,Muy Grande,Clase 9,1_0_0_0780.JPG
R12,Buena,Grande,Clase 8,1_0_1_2047.JPG
R12,Defectuosa,Muy Grande,Clase 12,1_1_0_1503.JPG
R12,Buena,Mediana,Clase 7,1_0_2_1370.JPG
R12,Buena,Muy Grande,Clase 9,1_0_0_1189.JPG
Pastusa,Buena,Mediana,Clase 1,0_0_2_2007.JPG
Pastusa,Buena,Mediana,Clase 1,0_0_2_1956.JPG
Pastusa,Buena,Mediana,Clase 1,0_0_2_2032.JPG
R12,Defectuosa,Muy Grande,Clase 12,1_1_0_1213.JPG
R12,Defectuosa,Muy Grande,Clase 12,1_1_0_1498.JPG
Pastusa,Defectuosa,Mediana,Clase 4,0_1_2_1929.JPG
R12,Defectuosa,Muy Grande,Clase 12,1_1_0_1164.JPG
R12,Buena,Grande,Clase 8,1_0_1_1358.JPG
Pastusa,Buena,Mediana,Clase 1,0_0_2_1366.JPG
R12,Defectuosa,Grande,Clase 11,1_1_1_1195.JPG
R12,Buena,Muy Grande,Clase 9,1_0_0_1205.JPG
Pastusa,Buena,Mediana,Clase 1,0_0_2_2052.JPG
Pastusa,Defectuosa,Mediana,Clase 4,0_1_2_1869.JPG
Pastusa,Defectuosa,Mediana,Clase 4,0_1_2_1889.JPG
Pastusa,Defectuosa,Mediana,Clase 4,0_1_2_1936.JPG
Pastusa,Defectuosa,Mediana,Clase 4,0_1_2_1535.JPG
Pastusa,Defectuosa,Mediana,Clase 4,0_1_2_1876.JPG
R12,Buena,Grande,Clase 8,1_0_1_1373.JPG
R12,Defectuosa,Muy Grande,Clase 12,1_1_0_1489.JPG
R12,Buena,Grande,Clase 8,1_0_1_2026.JPG
R12,Buena,Grande,Clase 8,1_0_1_1235.JPG
R12,Defectuosa,Mediana,Clase 10,1_1_2_0827.JPG
Pastusa,Buena,Mediana,Clase 1,0_0_2_1491.JPG
R12,Defectuosa,Muy Grande,Clase 12,1_1_0_1143.JPG
R12,Buena,Grande,Clase 8,1_0_1_1252.JPG
Pastusa,Defectuosa,Mediana,Clase 4,0_1_2_1819.JPG
R12,Defectuosa,Grande,Clase 11,1_1_1_1156.JPG
R12,Defectuosa,Muy Grande,Clase 12,1_1_0_1904.JPG
R12,Defectuosa,Muy Grande,Clase 12,1_1_0_1144.JPG
R12,Defectuosa,Mediana,Clase 10,1_1_2_1159.JPG
Pastusa,Buena,Grande,Clase 2,0_0_1_1952.JPG
R12,Defectuosa,Muy Grande,Clase 12,1_1_0_1177.JPG
R12,Defectuosa,Mediana,Clase 10,1_1_2_0837.JPG
Pastusa,Defectuosa,Mediana,Clase 4,0_1_2_1810.JPG
Pastusa,Buena,Mediana,Clase 1,0_0_2_1539.JPG
R12,Defectuosa,Grande,Clase 11,1_1_1_0789.JPG
R12,Buena,Grande,Clase 8,1_0_1_1352.JPG
Pastusa,Defectuosa,Mediana,Clase 4,0_1_2_1515.JPG
Pastusa,Defectuosa,Grande,Clase 5,0_1_1_1910.JPG
R12,Defectuosa,Grande,Clase 11,1_1_1_1201.JPG
Pastusa,Buena,Mediana,Clase 1,0_0_2_1529.JPG
Pastusa,Defectuosa,Mediana,Clase 4,0_1_2_1823.JPG
Pastusa,Buena,Muy Grande,Clase 3,0_0_0_1963.JPG
Pastusa,Buena,Mediana,Clase 1,0_0_2_1487.JPG
R12,Buena,Grande,Clase 8,1_0_1_1384.JPG
Pastusa,Buena,Mediana,Clase 1,0_0_2_1563.JPG
R12,Buena,Mediana,Clase 7,1_0_2_1405.JPG
Pastusa,Defectuosa,Grande,Clase 5,0_1_1_1839.JPG
Pastusa,Buena,Grande,Clase 2,0_0_1_1951.JPG
Pastusa,Defectuosa,Grande,Clase 5,0_1_1_1805.JPG
R12,Defectuosa,Grande,Clase 11,1_1_1_1843.JPG
R12,Buena,Grande,Clase 8,1_0_1_1167.JPG
Pastusa,Buena,Mediana,Clase 1,0_0_2_2019.JPG
R12,Defectuosa,Mediana,Clase 10,1_1_2_0836.JPG
Pastusa,Defectuosa,Grande,Clase 5,0_1_1_1828.JPG
R12,Buena,Mediana,Clase 7,1_0_2_1382.JPG
R12,Buena,Grande,Clase 8,1_0_1_1379.JPG
Pastusa,Buena,Grande,Clase 2,0_0_1_1465.JPG
Pastusa,Defectuosa,Grande,Clase 5,0_1_1_1885.JPG
Pastusa,Defectuosa,Mediana,Clase 4,0_1_2_1247.JPG
R12,Defectuosa,Grande,Clase 11,1_1_1_1169.JPG
Pastusa,Buena,Mediana,Clase 1,0_0_2_1536.JPG
Pastusa,Buena,Mediana,Clase 1,0_0_2_1551.JPG
Pastusa,Buena,Mediana,Clase 1,0_0_2_1981.JPG
R12,Defectuosa,Grande,Clase 11,1_1_1_1148.JPG
Pastusa,Buena,Grande,Clase 2,0_0_1_2003.JPG
R12,Defectuosa,Mediana,Clase 10,1_1_2_1914.JPG
Pastusa,Buena,Mediana,Clase 1,0_0_2_1492.JPG
R12,Defectuosa,Grande,Clase 11,1_1_1_0787.JPG
Pastusa,Defectuosa,Grande,Clase 5,0_1_1_1872.JPG
R12,Defectuosa,Mediana,Clase 10,1_1_2_0843.JPG
R12,Buena,Mediana,Clase 7,1_0_2_1369.JPG
R12,Buena,Muy Grande,Clase 9,1_0_0_1202.JPG
Pastusa,Buena,Mediana,Clase 1,0_0_2_1534.JPG
Pastusa,Buena,Mediana,Clase 1,0_0_2_1521.JPG
R12,Defectuosa,Grande,Clase 11,1_1_1_1217.JPG
R12,Defectuosa,Muy Grande,Clase 12,1_1_0_1490.JPG
Pastusa,Defectuosa,Grande,Clase 5,0_1_1_1941.JPG
R12,Defectuosa,Grande,Clase 11,1_1_1_1153.JPG
R12,Defectuosa,Grande,Clase 11,1_1_1_0803.JPG
R12,Buena,Muy Grande,Clase 9,1_0_0_1210.JPG
R12,Defectuosa,Grande,Clase 11,1_1_1_0848.JPG
Pastusa,Defectuosa,Mediana,Clase 4,0_1_2_1888.JPG
R12,Defectuosa,Grande,Clase 11,1_1_1_1934.JPG
Pastusa,Buena,Mediana,Clase 1,0_0_2_1420.JPG
Pastusa,Defectuosa,Mediana,Clase 4,0_1_2_1871.JPG
R12,Defectuosa,Grande,Clase 11,1_1_1_0788.JPG
Pastusa,Buena,Mediana,Clase 1,0_0_2_1977.JPG
Pastusa,Defectuosa,Mediana,Clase 4,0_1_2_1912.JPG
Pastusa,Buena,Mediana,Clase 1,0_0_2_1547.JPG
R12,Defectuosa,Mediana,Clase 10,1_1_2_0870.JPG
R12,Defectuosa,Mediana,Clase 10,1_1_2_1390.JPG
R12,Buena,Grande,Clase 8,1_0_1_1356.JPG
Pastusa,Defectuosa,Mediana,Clase 4,0_1_2_1900.JPG
R12,Defectuosa,Muy Grande,Clase 12,1_1_0_1802.JPG
R12,Defectuosa,Muy Grande,Clase 12,1_1_0_0824.JPG
R12,Defectuosa,Muy Grande,Clase 12,1_1_0_0869.JPG
Pastusa,Defectuosa,Mediana,Clase 4,0_1_2_1827.JPG
Pastusa,Buena,Mediana,Clase 1,0_0_2_1985.JPG
R12,Defectuosa,Grande,Clase 11,1_1_1_0804.JPG
R12,Defectuosa,Muy Grande,Clase 12,1_1_0_0868.JPG
Pastusa,Defectuosa,Mediana,Clase 4,0_1_2_1866.JPG
Pastusa,Buena,Mediana,Clase 1,0_0_2_1550.JPG
R12,Buena,Muy Grande,Clase 9,1_0_0_1216.JPG
Pastusa,Defectuosa,Grande,Clase 5,0_1_1_1824.JPG
R12,Defectuosa,Grande,Clase 11,1_1_1_1215.JPG
R12,Defectuosa,Grande,Clase 11,1_1_1_1145.JPG
Pastusa,Defectuosa,Grande,Clase 5,0_1_1_1850.JPG
R12,Buena,Mediana,Clase 7,1_0_2_1385.JPG
Pastusa,Defectuosa,Mediana,Clase 4,0_1_2_1511.JPG
R12,Defectuosa,Grande,Clase 11,1_1_1_1834.JPG
Pastusa,Buena,Mediana,Clase 1,0_0_2_1362.JPG
R12,Defectuosa,Muy Grande,Clase 12,1_1_0_0876.JPG
R12,Defectuosa,Grande,Clase 11,1_1_1_0817.JPG
R12,Defectuosa,Muy Grande,Clase 12,1_1_0_1138.JPG
R12,Defectuosa,Mediana,Clase 10,1_1_2_1833.JPG
Pastusa,Buena,Grande,Clase 2,0_0_1_2020.JPG
Pastusa,Defectuosa,Grande,Clase 5,0_1_1_1857.JPG
R12,Buena,Grande,Clase 8,1_0_1_1398.JPG
R12,Defectuosa,Grande,Clase 11,1_1_1_1196.JPG
R12,Buena,Muy Grande,Clase 9,1_0_0_1429.JPG
R12,Buena,Muy Grande,Clase 9,1_0_0_1499.JPG
R12,Buena,Muy Grande,Clase 9,1_0_0_1426.JPG
R12,Defectuosa,Mediana,Clase 10,1_1_2_0857.JPG
Pastusa,Buena,Mediana,Clase 1,0_0_2_2016.JPG
Pastusa,Defectuosa,Mediana,Clase 4,0_1_2_1938.JPG
R12,Buena,Muy Grande,Clase 9,1_0_0_1493.JPG
R12,Defectuosa,Grande,Clase 11,1_1_1_0798.JPG
Pastusa,Buena,Grande,Clase 2,0_0_1_2015.JPG
Pastusa,Buena,Mediana,Clase 1,0_0_2_1959.JPG
Pastusa,Buena,Mediana,Clase 1,0_0_2_1974.JPG
Pastusa,Buena,Mediana,Clase 1,0_0_2_2008.JPG
R12,Defectuosa,Mediana,Clase 10,1_1_2_0826.JPG
R12,Defectuosa,Grande,Clase 11,1_1_1_0820.JPG
Pastusa,Buena,Mediana,Clase 1,0_0_2_1984.JPG
R12,Defectuosa,Mediana,Clase 10,1_1_2_0865.JPG
R12,Buena,Mediana,Clase 7,1_0_2_1395.JPG
R12,Defectuosa,Grande,Clase 11,1_1_1_0851.JPG
R12,Defectuosa,Muy Grande,Clase 12,1_1_0_1219.JPG
R12,Buena,Mediana,Clase 7,1_0_2_1996.JPG
R12,Defectuosa,Grande,Clase 11,1_1_1_1232.JPG
R12,Buena,Grande,Clase 8,1_0_1_0796.JPG
Pastusa,Defectuosa,Mediana,Clase 4,0_1_2_1478.JPG
Pastusa,Buena,Grande,Clase 2,0_0_1_1973.JPG
R12,Defectuosa,Muy Grande,Clase 12,1_1_0_0825.JPG
Pastusa,Buena,Mediana,Clase 1,0_0_2_1459.JPG
Pastusa,Buena,Mediana,Clase 1,0_0_2_2041.JPG
R12,Defectuosa,Muy Grande,Clase 12,1_1_0_1180.JPG
R12,Buena,Mediana,Clase 7,1_0_2_1994.JPG
R12,Defectuosa,Grande,Clase 11,1_1_1_1783.JPG
